{"cameraMode":{"drawMode":0,"name":"Shaded","section":"Shading Mode"},"sceneLighting":false,"audioPlay":false,"sceneViewState":{"showFog":true,"showMaterialUpdate":false,"showSkybox":true,"showFlares":true,"showImageEffects":true,"showParticleSystems":true},"in2DMode":false,"pivot":{"x":0.041962385177612308,"y":0.5805761814117432,"z":-43.10625457763672},"rotation":{"x":-0.1296379268169403,"y":0.8551563024520874,"z":-0.43096408247947695,"w":-0.25723856687545779},"size":8.607107162475586,"orthographic":false}