{"cameraMode":{"drawMode":0,"name":"Shaded","section":"Shading Mode"},"sceneLighting":false,"audioPlay":false,"sceneViewState":{"showFog":true,"showMaterialUpdate":false,"showSkybox":true,"showFlares":true,"showImageEffects":true,"showParticleSystems":true},"in2DMode":false,"pivot":{"x":0.05806159973144531,"y":-0.1133880615234375,"z":16.362306594848634},"rotation":{"x":-0.1296379268169403,"y":0.8551563024520874,"z":-0.43096408247947695,"w":-0.25723856687545779},"size":23.099651336669923,"orthographic":false}