{"cameraMode":{"drawMode":0,"name":"Shaded","section":"Shading Mode"},"sceneLighting":false,"audioPlay":false,"sceneViewState":{"showFog":true,"showMaterialUpdate":false,"showSkybox":true,"showFlares":true,"showImageEffects":true,"showParticleSystems":true},"in2DMode":false,"pivot":{"x":0.12999999523162843,"y":5.269999980926514,"z":-0.20999999344348908},"rotation":{"x":-0.32271909713745119,"y":0.32600638270378115,"z":-0.11948587000370026,"w":-0.8805086016654968},"size":3.920046806335449,"orthographic":false}