{"cameraMode":{"drawMode":0,"name":"Shaded","section":"Shading Mode"},"sceneLighting":false,"audioPlay":false,"sceneViewState":{"showFog":true,"showMaterialUpdate":false,"showSkybox":true,"showFlares":true,"showImageEffects":true,"showParticleSystems":true},"in2DMode":false,"pivot":{"x":2.590104103088379,"y":-0.20000004768371583,"z":-3.7799999713897707},"rotation":{"x":-0.1296379268169403,"y":0.8551563024520874,"z":-0.43096408247947695,"w":-0.25723856687545779},"size":9.60930347442627,"orthographic":false}