{"cameraMode":{"drawMode":0,"name":"Shaded","section":"Shading Mode"},"sceneLighting":false,"audioPlay":false,"sceneViewState":{"showFog":true,"showMaterialUpdate":false,"showSkybox":true,"showFlares":true,"showImageEffects":true,"showParticleSystems":true},"in2DMode":false,"pivot":{"x":2.703923225402832,"y":-2.353900671005249,"z":-6.1850409507751469},"rotation":{"x":-0.1296379268169403,"y":0.8551563024520874,"z":-0.43096408247947695,"w":-0.25723856687545779},"size":34.44400405883789,"orthographic":false}