{"cameraMode":{"drawMode":0,"name":"Shaded","section":"Shading Mode"},"sceneLighting":false,"audioPlay":false,"sceneViewState":{"showFog":true,"showMaterialUpdate":false,"showSkybox":true,"showFlares":true,"showImageEffects":true,"showParticleSystems":true},"in2DMode":false,"pivot":{"x":-0.1421053409576416,"y":-1.0845478773117066,"z":-42.7373161315918},"rotation":{"x":-0.1296379268169403,"y":0.8551563024520874,"z":-0.43096408247947695,"w":-0.25723856687545779},"size":2.5246496200561525,"orthographic":false}